Workbook

Sheet 총 자산 현황
A1: 날짜 | B1: 현금 (예적금) | C1: 주식 | D1: 개인연금 | E1: 부동산 | F1: 부채 | G1: 순자산 | H1: 전월 대비 증감
A2: 2026년 3월 | B2: =sumifs('상세 자산'!E:E,'상세 자산'!A:A,'상세 자산'!A2,'상세 자산'!B:B,'상세 자산'!$B$2)+sumifs('상세 자산'!E:E,'상세 자산'!A:A,'상세 자산'!A2,'상세 자산'!B:B,'상세 자산'!$B$4) -> 201433670 | C2: =sumifs('상세 자산'!E:E,'상세 자산'!A:A,'상세 자산'!A2,'상세 자산'!B:B,'상세 자산'!$B$17)+sumifs('상세 자산'!E:E,'상세 자산'!A:A,'상세 자산'!A2,'상세 자산'!B:B,'상세 자산'!$B$28) -> 125380559 | D2: =sumifs('상세 자산'!E:E,'상세 자산'!A:A,'상세 자산'!A2,'상세 자산'!B:B,'상세 자산'!$B$9) -> 151563660 | E2: =3300000000-1100000000 -> 2200000000 | F2: ='대출'!$C$8 -> 349025014 | G2: =B2+C2+D2+E2-F2 -> 2329352875
A3: 2026년 4월 | B3: =sumifs('상세 자산'!E:E,'상세 자산'!A:A,'상세 자산'!A30,'상세 자산'!B:B,'상세 자산'!$B$2)+sumifs('상세 자산'!E:E,'상세 자산'!A:A,'상세 자산'!A30,'상세 자산'!B:B,'상세 자산'!$B$4) -> 203233670 | C3: =sumifs('상세 자산'!E:E,'상세 자산'!A:A,'상세 자산'!A30,'상세 자산'!B:B,'상세 자산'!$B$17)+sumifs('상세 자산'!E:E,'상세 자산'!A:A,'상세 자산'!A30,'상세 자산'!B:B,'상세 자산'!$B$28) -> 132465157 | D3: =sumifs('상세 자산'!E:E,'상세 자산'!A:A,'상세 자산'!A30,'상세 자산'!B:B,'상세 자산'!$B$9) -> 156698365 | E3: =3300000000-1100000000 -> 2200000000 | F3: ='대출'!$C$8 -> 349025014 | G3: =B3+C3+D3+E3-F3 -> 2343372178 | H3: =G3-G2 -> 14019303
A4: 2026년 5월 | B4: =sumifs('상세 자산'!E:E,'상세 자산'!A:A,'상세 자산'!A58,'상세 자산'!B:B,'상세 자산'!$B$2)+sumifs('상세 자산'!E:E,'상세 자산'!A:A,'상세 자산'!A58,'상세 자산'!B:B,'상세 자산'!$B$5) -> 177633670 | C4: =sumifs('상세 자산'!E:E,'상세 자산'!A:A,'상세 자산'!A58,'상세 자산'!B:B,'상세 자산'!$B$17)+sumifs('상세 자산'!E:E,'상세 자산'!A:A,'상세 자산'!A58,'상세 자산'!B:B,'상세 자산'!$B$28) -> 200073999 | D4: =sumifs('상세 자산'!E:E,'상세 자산'!A:A,'상세 자산'!A58,'상세 자산'!B:B,'상세 자산'!$B$9) -> 181925150 | E4: =3300000000-1100000000 -> 2200000000 | F4: ='대출'!$C$8 -> 349025014 | G4: =B4+C4+D4+E4-F4 -> 2410607805 | H4: =G4-G3 -> 67235627
A5: 2026년 6월 | B5: =sumifs('상세 자산'!E:E,'상세 자산'!A:A,'상세 자산'!A88,'상세 자산'!B:B,'상세 자산'!$B$2)+sumifs('상세 자산'!E:E,'상세 자산'!A:A,'상세 자산'!A88,'상세 자산'!B:B,'상세 자산'!$B$5) -> 177633670 | C5: =sumifs('상세 자산'!E:E,'상세 자산'!A:A,'상세 자산'!A88,'상세 자산'!B:B,'상세 자산'!$B$17)+sumifs('상세 자산'!E:E,'상세 자산'!A:A,'상세 자산'!A88,'상세 자산'!B:B,'상세 자산'!$B$28) -> 200073999 | D5: =sumifs('상세 자산'!E:E,'상세 자산'!A:A,'상세 자산'!A88,'상세 자산'!B:B,'상세 자산'!$B$9) -> 181925150 | E5: =3300000000-1100000000 -> 2200000000 | F5: ='대출'!$C$8 -> 349025014 | G5: =B5+C5+D5+E5-F5 -> 2410607805 | H5: =G5-G4 -> 0

Sheet 상세 자산
A1: 날짜 | B1: 자산종류 | C1: 예금주 | D1: 계좌/상품 | E1: 금액 | F1: 수익률 | G1: 목적 | H1: 만기
A2: 2026년 3월 | B2: 예금 | C2: 유나 | D2: 새마을금고 | E2: 18000000 | G2: 주택 | H2: 2026.10.13
A3: 2026년 3월 | B3: 예금 | C3: 유나 | D3: 새마을금고 | E3: 84949683 | G3: 주택 | H3: 2026.12.29
A4: 2026년 3월 | B4: 적금 | C4: 유나 | D4: 새마을금고 | E4: 11000000 | G4: 주택 | H4: 2026.04.28
A5: 2026년 3월 | B5: 적금 | C5: 유나 | D5: 새마을금고 | E5: 2700000 | G5: 저축공제 | H5: -
A6: 2026년 3월 | B6: 적금 | C6: 유나 | D6: 신한은행 | E6: 16740000 | G6: 주택청약 | H6: -
A7: 2026년 3월 | B7: 적금 | C7: 유나 | D7: 우리은행 | E7: 1500000 | G7: 차 | H7: 2026.06.19
A8: 2026년 3월 | B8: 예금 | C8: 유나 | D8: 우리은행 | E8: 10263987 | G8: 차 | H8: 2026.12.19
A9: 2026년 3월 | B9: 개인연금 | C9: 유나 | D9: TIGER 미국 S&P500 | E9: 30026150 | F9: 0.3871 | G9: 노후 | H9: -
A10: 2026년 3월 | B10: 개인연금 | C10: 유나 | D10: TIME K바이오액티브 | E10: 1329575 | F10: 0.238 | G10: 노후 | H10: -
A11: 2026년 3월 | B11: 개인연금 | C11: 유나 | D11: TIGER 글로벌AI액티브 | E11: 22763170 | F11: 0.4781 | G11: 노후 | H11: -
A12: 2026년 3월 | B12: 주식 | C12: 유나 | D12: SPY | E12: 23933235 | F12: 0.3411 | G12: 노후 | H12: -
A13: 2026년 3월 | B13: 주식 | C13: 유나 | D13: SCHD | E13: 8309375 | F13: 0.1417 | G13: 노후 | H13: -
A14: 2026년 3월 | B14: 예금 | C14: 종현 | D14: 카카오뱅크 | E14: 14400000 | G14: 차 | H14: 2026.04.16
A15: 2026년 3월 | B15: 예금 | C15: 종현 | D15: 새마을금고 | E15: 27600000 | G15: 주택 | H15: 2030.10.21
A16: 2026년 3월 | B16: 적금 | C16: 종현 | D16: 기업은행 | E16: 14280000 | G16: 주택청약 | H16: -
A17: 2026년 3월 | B17: 주식 | C17: 종현 | D17: TIME 차이나AI테크액티브 | E17: 7927425 | F17: 0.2486 | G17: 여행 | H17: -
A18: 2026년 3월 | B18: 주식 | C18: 종현 | D18: ACE 미국 S&P500 | E18: 2622900 | F18: 0.1358 | G18: 여행 | H18: -
A19: 2026년 3월 | B19: 주식 | C19: 종현 | D19: ACE 미국나스닥100 | E19: 2929500 | F19: 0.167 | G19: 여행 | H19: -
A20: 2026년 3월 | B20: 주식 | C20: 종현 | D20: 삼성전자 | E20: 37829900 | F20: 0.3144 | G20: 우리사주 | H20: -
A21: 2026년 3월 | B21: 개인연금 | C21: 종현 | D21: TIME 차이나AI테크액티브 | E21: 4615200 | F21: 0.1536 | G21: 노후 | H21: -
A22: 2026년 3월 | B22: 개인연금 | C22: 종현 | D22: ACE 미국 S&P500 | E22: 43863505 | F22: 0.1432 | G22: 노후 | H22: -
A23: 2026년 3월 | B23: 개인연금 | C23: 종현 | D23: ACE 미국나스닥100 | E23: 48966060 | F23: 0.1737 | G23: 노후 | H23: -
A24: 2026년 3월 | B24: 주식 | C24: 유주 | D24: 삼성전자 | E24: 5300000 | F24: 1.991 | G24: 자녀 | H24: -
A25: 2026년 3월 | B25: 주식 | C25: 유주 | D25: 알파벳 | E25: 5417824 | F25: 0.006 | G25: 자녀 | H25: -
A26: 2026년 3월 | B26: 주식 | C26: 유주 | D26: QQQ | E26: 13397337 | F26: -0.0253 | G26: 자녀 | H26: -
A27: 2026년 3월 | B27: 주식 | C27: 유주 | D27: S&P 500 | E27: 13734257 | F27: 0.1298 | G27: 자녀 | H27: -
A28: 2026년 3월 | B28: 가상화폐 | C28: 유주 | D28: 비트코인 | E28: 2419421 | F28: -0.2766 | G28: 자녀 | H28: -
A29: 2026년 3월 | B29: 가상화폐 | C29: 유주 | D29: 이더리움 | E29: 1559385 | F29: -0.359 | G29: 자녀 | H29: -
A30: 2026년 4월 | B30: 예금 | C30: 유나 | D30: 새마을금고 | E30: 18000000 | G30: 주택 | H30: 2026.10.13
A31: 2026년 4월 | B31: 예금 | C31: 유나 | D31: 새마을금고 | E31: 84949683 | G31: 주택 | H31: 2026.12.29
A32: 2026년 4월 | B32: 적금 | C32: 유나 | D32: 새마을금고 | E32: 12000000 | G32: 주택 | H32: 2026.04.28
A33: 2026년 4월 | B33: 적금 | C33: 유나 | D33: 새마을금고 | E33: 2800000 | G33: 저축공제 | H33: -
A34: 2026년 4월 | B34: 적금 | C34: 유나 | D34: 신한은행 | E34: 16840000 | G34: 주택청약 | H34: -
A35: 2026년 4월 | B35: 적금 | C35: 유나 | D35: 우리은행 | E35: 2000000 | G35: 차 | H35: 2026.06.19
A36: 2026년 4월 | B36: 예금 | C36: 유나 | D36: 우리은행 | E36: 10263987 | G36: 차 | H36: 2026.12.19
A37: 2026년 4월 | B37: 개인연금 | C37: 유나 | D37: TIGER 미국 S&P500 | E37: 30377050 | F37: 0.4039 | G37: 노후 | H37: -
A38: 2026년 4월 | B38: 개인연금 | C38: 유나 | D38: TIME K바이오액티브 | E38: 1164150 | F38: 0.0872 | G38: 노후 | H38: -
A39: 2026년 4월 | B39: 개인연금 | C39: 유나 | D39: TIGER 글로벌AI액티브 | E39: 25240110 | F39: 0.6389 | G39: 노후 | H39: -
A40: 2026년 4월 | B40: 주식 | C40: 유나 | D40: SPY | E40: 26156196 | F40: 0.3165 | G40: 노후 | H40: -
A41: 2026년 4월 | B41: 주식 | C41: 유나 | D41: SCHD | E41: 8354174 | F41: 0.138 | G41: 노후 | H41: -
A42: 2026년 4월 | B42: 예금 | C42: 종현 | D42: 카카오뱅크 | E42: 14400000 | G42: 차 | H42: 2026.04.16
A43: 2026년 4월 | B43: 예금 | C43: 종현 | D43: 새마을금고 | E43: 27600000 | G43: 주택 | H43: 2030.10.21
A44: 2026년 4월 | B44: 적금 | C44: 종현 | D44: 기업은행 | E44: 14380000 | G44: 주택청약 | H44: -
A45: 2026년 4월 | B45: 주식 | C45: 종현 | D45: TIME 차이나AI테크액티브 | E45: 6617930 | F45: 0.3674 | G45: 여행 | H45: -
A46: 2026년 4월 | B46: 주식 | C46: 종현 | D46: ACE 미국나스닥100 | E46: 1897440 | F46: 0.1845 | G46: 여행 | H46: -
A47: 2026년 4월 | B47: 주식 | C47: 종현 | D47: ACE 미국 S&P500 | E47: 1648400 | F47: 0.1531 | G47: 여행 | H47: -
A48: 2026년 4월 | B48: 주식 | C48: 종현 | D48: 삼성전자 | E48: =41690000 -> 41690000 | F48: 0.4493 | G48: 우리사주 | H48: -
A49: 2026년 4월 | B49: 개인연금 | C49: 종현 | D49: TIME 차이나AI테크액티브 | E49: 5638400 | F49: 0.2345 | G49: 노후 | H49: -
A50: 2026년 4월 | B50: 개인연금 | C50: 종현 | D50: ACE 미국나스닥100 | E50: 49729920 | F50: 0.1918 | G50: 노후 | H50: -
A51: 2026년 4월 | B51: 개인연금 | C51: 종현 | D51: ACE 미국 S&P500 | E51: 44548735 | F51: 0.1608 | G51: 노후 | H51: -
A52: 2026년 4월 | B52: 주식 | C52: 유주 | D52: 삼성전자 | E52: 8694000 | F52: 2.2967 | G52: 자녀 | H52: -
A53: 2026년 4월 | B53: 주식 | C53: 유주 | D53: 알파벳 | E53: 5648000 | F53: 0.0464 | G53: 자녀 | H53: -
A54: 2026년 4월 | B54: 주식 | C54: 유주 | D54: QQQ | E54: 13590000 | F54: -0.0182 | G54: 자녀 | H54: -
A55: 2026년 4월 | B55: 주식 | C55: 유주 | D55: S&P 500 | E55: 13895000 | F55: 0.1311 | G55: 자녀 | H55: -
A56: 2026년 4월 | B56: 가상화폐 | C56: 유주 | D56: 비트코인 | E56: 2549596 | F56: -0.2378 | G56: 자녀 | H56: -
A57: 2026년 4월 | B57: 가상화폐 | C57: 유주 | D57: 이더리움 | E57: 1724421 | F57: -0.2918 | G57: 자녀 | H57: -
A58: 2026년 5월 | B58: 예금 | C58: 유나 | D58: 새마을금고 | E58: 18000000 | G58: 주택 | H58: 2026.10.13
A59: 2026년 5월 | B59: 예금 | C59: 유나 | D59: 새마을금고 | E59: 84949683 | G59: 주택 | H59: 2026.12.29
A60: 2026년 5월 | B60: 적금 | C60: 유나 | D60: 새마을금고 | E60: 2900000 | G60: 저축공제 | H60: -
A61: 2026년 5월 | B61: 적금 | C61: 유나 | D61: 신한은행 | E61: 16940000 | G61: 주택청약 | H61: -
A62: 2026년 5월 | B62: 적금 | C62: 유나 | D62: 우리은행 | E62: 2500000 | G62: 차 | H62: 2026.06.19
A63: 2026년 5월 | B63: 예금 | C63: 유나 | D63: 우리은행 | E63: 10263987 | G63: 차 | H63: 2026.12.19
A64: 2026년 5월 | B64: 개인연금 | C64: 유나 | D64: TIGER 미국 S&P500 | E64: 32125500 | F64: 0.4848 | G64: 노후 | H64: -
A65: 2026년 5월 | B65: 개인연금 | C65: 유나 | D65: TIME K바이오액티브 | E65: 1123850 | F65: 0.0496 | G65: 노후 | H65: -
A66: 2026년 5월 | B66: 개인연금 | C66: 유나 | D66: TIGER 글로벌AI액티브 | E66: 32026560 | F66: 1.0797 | G66: 노후 | H66: -
A67: 2026년 5월 | B67: 주식 | C67: 유나 | D67: SPY | E67: 28945596 | F67: 0.384 | G67: 노후 | H67: -
A68: 2026년 5월 | B68: 주식 | C68: 유나 | D68: SCHD | E68: 8939871 | F68: 0.1396 | G68: 노후 | H68: -
A69: 2026년 5월 | B69: 주식 | C69: 유나 | D69: 하이닉스 | E69: 14814000 | F69: 0.2413 | G69: 주택 | H69: -
A70: 2026년 5월 | B70: 예금 | C70: 종현 | D70: 새마을금고 | E70: 27600000 | G70: 주택 | H70: 2030.10.21
A71: 2026년 5월 | B71: 적금 | C71: 종현 | D71: 기업은행 | E71: 14480000 | G71: 주택청약 | H71: -
A72: 2026년 5월 | B72: 주식 | C72: 종현 | D72: TIME 차이나AI테크액티브 | E72: 8008800 | F72: 0.6428 | G72: 여행 | H72: -
A73: 2026년 5월 | B73: 주식 | C73: 종현 | D73: ACE 미국나스닥100 | E73: 2195255 | F73: 0.3704 | G73: 여행 | H73: -
A74: 2026년 5월 | B74: 주식 | C74: 종현 | D74: ACE 미국 S&P500 | E74: 1882320 | F74: 0.2254 | G74: 여행 | H74: -
A75: 2026년 5월 | B75: 주식 | C75: 종현 | D75: 삼성전자 | E75: 47996000 | F75: 0.7695 | G75: 우리사주 | H75: -
A76: 2026년 5월 | B76: 주식 | C76: 종현 | D76: 삼성전자 | E76: 8520000 | F76: 4.192 | G76: 우리사주 | H76: -
A77: 2026년 5월 | B77: 주식 | C77: 종현 | D77: SK하이닉스 | E77: 24466000 | F77: 0.6394 | G77: 차 | H77: -
A78: 2026년 5월 | B78: 개인연금 | C78: 종현 | D78: TIME 차이나AI테크액티브 | E78: 6816000 | F78: 0.4936 | G78: 노후 | H78: -
A79: 2026년 5월 | B79: 개인연금 | C79: 종현 | D79: ACE 미국나스닥100 | E79: 57842640 | F79: 0.3862 | G79: 노후 | H79: -
A80: 2026년 5월 | B80: 개인연금 | C80: 종현 | D80: ACE 미국 S&P500 | E80: 48229650 | F80: 0.2567 | G80: 노후 | H80: -
A81: 2026년 5월 | B81: 개인연금 | C81: 종현 | D81: 퇴직연금 IRP | E81: 3760950 | F81: 0.2536 | G81: 노후 | H81: -
A82: 2026년 5월 | B82: 주식 | C82: 유주 | D82: 삼성전자 | E82: 11928000 | F82: 3.4699 | G82: 자녀 | H82: -
A83: 2026년 5월 | B83: 주식 | C83: 유주 | D83: 알파벳 | E83: 6994680 | F83: 0.3036 | G83: 자녀 | H83: -
... A87: 2026년 5월 | B87: 가상화폐 | C87: 유주 | D87: 이더리움 | E87: 1964334 | F87: -0.2397 | G87: 자녀 | H87: -
A88: 2026년 6월 | B88: 예금 | C88: 유나 | D88: 새마을금고 | E88: 18000000 | G88: 주택 | H88: 2026.10.13
A89: 2026년 6월 | B89: 예금 | C89: 유나 | D89: 새마을금고 | E89: 84949683 | G89: 주택 | H89: 2026.12.29
A90: 2026년 6월 | B90: 적금 | C90: 유나 | D90: 새마을금고 | E90: 2900000 | G90: 저축공제 | H90: -
A91: 2026년 6월 | B91: 적금 | C91: 유나 | D91: 신한은행 | E91: 16940000 | G91: 주택청약 | H91: -
A92: 2026년 6월 | B92: 적금 | C92: 유나 | D92: 우리은행 | E92: 2500000 | G92: 차 | H92: 2026.06.19
A93: 2026년 6월 | B93: 예금 | C93: 유나 | D93: 우리은행 | E93: 10263987 | G93: 차 | H93: 2026.12.19
A94: 2026년 6월 | B94: 개인연금 | C94: 유나 | D94: TIGER 미국 S&P500 | E94: 32125500 | F94: 0.4848 | G94: 노후 | H94: -
A95: 2026년 6월 | B95: 개인연금 | C95: 유나 | D95: TIME K바이오액티브 | E95: 1123850 | F95: 0.0496 | G95: 노후 | H95: -
A96: 2026년 6월 | B96: 개인연금 | C96: 유나 | D96: TIGER 글로벌AI액티브 | E96: 32026560 | F96: 1.0797 | G96: 노후 | H96: -
A97: 2026년 6월 | B97: 주식 | C97: 유나 | D97: SPY | E97: 28945596 | F97: 0.384 | G97: 노후 | H97: -
A98: 2026년 6월 | B98: 주식 | C98: 유나 | D98: SCHD | E98: 8939871 | F98: 0.1396 | G98: 노후 | H98: -
A99: 2026년 6월 | B99: 주식 | C99: 유나 | D99: 하이닉스 | E99: 14814000 | F99: 0.2413 | G99: 주택 | H99: -
A100: 2026년 6월 | B100: 예금 | C100: 종현 | D100: 새마을금고 | E100: 27600000 | G100: 주택 | H100: 2030.10.21
A101: 2026년 6월 | B101: 적금 | C101: 종현 | D101: 기업은행 | E101: 14480000 | G101: 주택청약 | H101: -
A102: 2026년 6월 | B102: 주식 | C102: 종현 | D102: TIME 차이나AI테크액티브 | E102: 8008800 | F102: 0.6428 | G102: 여행 | H102: -
A103: 2026년 6월 | B103: 주식 | C103: 종현 | D103: ACE 미국나스닥100 | E103: 2195255 | F103: 0.3704 | G103: 여행 | H103: -
...

Sheet 대출
A1: 예금주 | B1: 은행 | C1: 금액 | D1: 금리 | E1: 월납입금
A2: 종현 | B2: 새마을금고 | C2: 21640000 | D2: 0.0329 | E2: =C2*D2/12 -> 59329.667
A3: 종현 | B3: 새마을금고 | C3: 100000000 | D3: 0.0349 | E3: =C3*D3/12 -> 290833.33
A4: 종현 | B4: 새마을금고 | C4: 50000000 | D4: 0.0339 | E4: =C4*D4/12 -> 141250
A5: 종현 | B5: 우리은행 | C5: 65385014 | D5: 0.037 | E5: =C5*D5/12 -> 201603.79
A6: 유나 | B6: 새마을금고 | C6: 112000000 | D6: 0.0339 | E6: =C6*D6/12 -> 316400
A7: 유나 | B7: 하나은행 | C7: 50000000 | D7: 0.05435 | E7: -
A8: 총액 | C8: =sum(C2:C6) -> 349025014 | E8: =sum(E2:E6) -> 1009416.8

Sheet 목적별 현황
